{"cameraMode":{"drawMode":0,"name":"Shaded","section":"Shading Mode"},"sceneLighting":true,"audioPlay":false,"sceneViewState":{"showFog":true,"showMaterialUpdate":true,"showSkybox":true,"showFlares":true,"showImageEffects":true,"showParticleSystems":true},"in2DMode":false,"pivot":{"x":4.762731075286865,"y":0.6965634226799011,"z":-12.006013870239258},"rotation":{"x":0.014969829469919205,"y":0.047373805195093158,"z":0.00070988415973261,"w":-0.9987648129463196},"size":11.977094650268555,"orthographic":false}